Rarity,Name,CommanderMight,CommanderFocus,CommanderSpeed,Attack(ALL),Attack(Beasts),Attack(Dwarves),Attack(Elves),Attack(Evil Men),Attack(Hobbits),Attack(Large Units),Attack(Melee),Attack(Men),Attack(Mounted Units),Attack(Orcs),Attack(Ranged),Attack(Trolls),Attack(Undead),Attack(Uruk-Hai),Chest,Defense(ALL),Defense(Beasts),Defense(Dwarves),Defense(Elves),Defense(Evil Men),Defense(Hobbits),Defense(Large Units),Defense(Melee),Defense(Men),Defense(Mounted Units),Defense(Orcs),Defense(Ranged),Defense(Trolls),Defense(Undead),Defense(Uruk-Hai),Dwarves,Elves,Ents,EquipmentType,Evil Men,HP(ALL),HP(Beasts),HP(Dwarves),HP(Elves),HP(Evil Men),HP(Hobbits),HP(Large Units),HP(Melee),HP(Men),HP(Mounted Units),HP(Orcs),HP(Ranged),HP(Trolls),HP(Undead),HP(Uruk-Hai),Hobbits,Maiar,Men,Orcs,Perks,RequiredRaces,Siege(ALL),Siege(Beasts),Siege(Dwarves),Siege(Elves),Siege(Evil Men),Siege(Hobbits),Siege(Large Units),Siege(Melee),Siege(Men),Siege(Mounted Units),Siege(Orcs),Siege(Ranged),Siege(Trolls),Siege(Undead),Siege(Uruk-Hai),Speed(ALL),Speed(Beasts),Speed(Dwarves),Speed(Elves),Speed(Evil Men),Speed(Hobbits),Speed(Large Units),Speed(Melee),Speed(Men),Speed(Mounted Units),Speed(Orcs),Speed(Ranged),Speed(Trolls),Speed(Undead),Speed(Uruk-Hai),Undead,Uruk-Hai
1,Bone Hatchet,4,1,0,0,0,0,0,0,0,0,0,0,0,0,0,0,0,0,Good|Evil,0,0,0,0,0,0,0,0,0,0,0,0,0,0,0,1.0,0.0,0.0,Weapon,1.0,0,0,0,0,0,0,0,0,0,0,0,0,0,0,0,1.0,1.0,1.0,1.0,0,Maiar|Men|Dwarves|Hobbits|Orcs|Uruk-Hai|Undead|Evil Men,0,0,0,0,0,0,0,0,0,0,0,0,0,0,0,0,0,0,0,0,0,0,0,0,0,0,0,0,0,0,1.0,1.0
1,Broadsword,5,0,0,0,0,0,0,0,0,0,0,0,0,0,0,0,0,0,Good|Evil,0,0,0,0,0,0,0,0,0,0,0,0,0,0,0,1.0,1.0,0.0,Weapon,1.0,0,0,0,0,0,0,0,0,0,0,0,0,0,0,0,1.0,1.0,1.0,1.0,0,Maiar|Men|Elves|Dwarves|Hobbits|Orcs|Uruk-Hai|Undead|Evil Men,0,0,0,0,0,0,0,0,0,0,0,0,0,0,0,0,0,0,0,0,0,0,0,0,0,0,0,0,0,0,1.0,1.0
1,Light Helm,4,0,2,0,0,0,0,0,0,0,0,0,0,0,0,0,0,0,Good|Evil,0,0,0,0,0,0,0,0,0,0,0,0,0,0,0,1.0,1.0,0.0,Helmet,1.0,0,0,0,0,0,0,0,0,0,0,0,0,0,0,0,1.0,1.0,1.0,1.0,0,Maiar|Men|Elves|Dwarves|Hobbits|Orcs|Uruk-Hai|Undead|Evil Men,0,0,0,0,0,0,0,0,0,0,0,0,0,0,0,0,0,0,0,0,0,0,0,0,0,0,0,0,0,0,1.0,1.0
1,Ne'er Do Well's Coat,3,0,4,0,0,0,0,0,0,0,0,0,0,0,0,0,0,0,Good|Evil,0,0,0,0,0,0,0,0,0,0,0,0,0,0,0,1.0,1.0,0.0,Armor,1.0,0,0,0,0,0,0,0,0,0,0,0,0,0,0,0,1.0,1.0,1.0,1.0,0,Maiar|Men|Elves|Dwarves|Hobbits|Orcs|Uruk-Hai|Undead|Evil Men,0,0,0,0,0,0,0,0,0,0,0,0,0,0,0,0,0,0,0,0,0,0,0,0,0,0,0,0,0,0,1.0,1.0
1,Orc Dagger,4,2,0,0,0,0,0,0,0,0,0,0,0,0,0,0,0,0,Good|Evil,0,0,0,0,0,0,0,0,0,0,0,0,0,0,0,1.0,0.0,0.0,Weapon,1.0,0,0,0,0,0,0,0,0,0,0,0,0,0,0,0,1.0,1.0,1.0,1.0,0,Maiar|Men|Dwarves|Hobbits|Orcs|Uruk-Hai|Undead|Evil Men,0,0,0,0,0,0,0,0,0,0,0,0,0,0,0,0,0,0,0,0,0,0,0,0,0,0,0,0,0,0,1.0,1.0
2,Broad Axe,6,0,0,0,0,0,0,0,0,0,1,0,0,0,0,0,0,0,Good|Evil,0,0,0,0,0,0,0,0,0,0,0,0,0,0,0,1.0,1.0,0.0,Weapon,1.0,0,0,0,0,0,0,0,0,0,0,0,0,0,0,0,1.0,1.0,1.0,1.0,Melee Might|Dwarves Strength|Axe Throwers' Might| Dwarven Footmen's Might,Maiar|Men|Elves|Dwarves|Hobbits|Orcs|Uruk-Hai|Undead|Evil Men,0,0,0,0,0,0,0,0,0,0,0,0,0,0,0,0,0,0,0,0,0,0,0,0,0,0,0,0,0,0,1.0,1.0
2,Garrison Coat,6,0,0,0,0,0,0,0,0,0,0,0,0,0,0,0,0,0,Good|Evil,0,0,0,0,0,0,0,0,0,0,0,0,0,0,0,1.0,1.0,0.0,Armor,1.0,0,0,0,0,0,0,0,1,0,0,0,0,0,0,0,1.0,1.0,1.0,1.0,Haste of Soldiers|Melee Vigour|Militias' Vigour|Grunts' Vigour,Maiar|Men|Elves|Dwarves|Hobbits|Orcs|Uruk-Hai|Undead|Evil Men,0,0,0,0,0,0,0,0,0,0,0,0,0,0,0,0,0,0,0,0,0,0,0,0,0,0,0,0,0,0,1.0,1.0
2,Haradrim Bow,6,0,0,0,0,0,0,0,0,0,0,0,0,0,1,0,0,0,Good|Evil,0,0,0,0,0,0,0,0,0,0,0,0,0,0,0,0.0,1.0,0.0,Weapon,1.0,0,0,0,0,0,0,0,0,0,0,0,0,0,0,0,0.0,1.0,1.0,1.0,Ranged Might|Evil Men Strength|Mercenaries' Might|Bowmen's Might,Maiar|Men|Elves|Orcs|Uruk-Hai|Undead|Evil Men,0,0,0,0,0,0,0,0,0,0,0,0,0,0,0,0,0,0,0,0,0,0,0,0,0,0,0,0,0,0,1.0,1.0
2,Haradrim' Scarf,6,6,0,0,0,0,0,0,0,0,0,0,0,0,0,0,0,0,Evil,0,0,0,0,0,0,0,0,0,0,0,0,0,0,0,1.0,1.0,0.0,Helmet,1.0,0,0,0,0,0,0,0,0,0,0,0,0,0,0,0,1.0,1.0,1.0,1.0,Haste of Archers|Ranged Vigour|Skirmishers' Vigour|Mercenaries' Vigour,Maiar|Men|Elves|Dwarves|Hobbits|Orcs|Uruk-Hai|Undead|Evil Men,0,0,0,0,0,0,0,0,0,0,0,0,0,0,0,0,0,0,0,0,0,0,0,0,0,0,0,0,0,0,1.0,1.0
2,Hunters Coat,6,0,0,0,0,0,0,0,0,0,0,0,0,0,0,0,0,0,Good|Evil,0,0,0,0,0,0,0,0,0,0,0,0,0,0,0,1.0,1.0,0.0,Armor,1.0,0,0,0,0,0,0,0,0,0,0,0,1,0,0,0,1.0,1.0,1.0,1.0,Haste of Archers|Ranged Vigour|Hunters' Vigour|Scouts' Vigour,Maiar|Men|Elves|Dwarves|Hobbits|Orcs|Uruk-Hai|Undead|Evil Men,0,0,0,0,0,0,0,0,0,0,0,0,0,0,0,0,0,0,0,0,0,0,0,0,0,0,0,0,0,0,1.0,1.0
2,Leather Armor,8,3,3,0,0,0,0,0,0,0,0,0,0,0,0,0,0,0,Good|Evil,0,0,0,0,0,0,0,0,0,0,0,0,0,0,0,1.0,1.0,0.0,Armor,1.0,0,0,0,0,0,0,0,0,0,0,0,0,0,0,0,1.0,1.0,1.0,1.0,Haste of Archers|Ranged Vigour|Dwarven Footmen's Vigour|Horseback Archers' Vigour,Maiar|Men|Elves|Dwarves|Hobbits|Orcs|Uruk-Hai|Undead|Evil Men,0,0,0,0,0,0,0,0,0,0,0,0,0,0,0,0,0,0,0,0,0,0,0,0,0,0,0,0,0,0,1.0,1.0
2,Morningstar,6,0,0,0,0,0,0,0,0,0,0,0,0,0,0,0,0,0,Good|Evil,0,0,0,0,0,0,0,0,0,0,0,0,0,0,0,1.0,1.0,0.0,Weapon,1.0,0,0,0,0,0,0,0,1,0,0,0,0,0,0,0,1.0,1.0,1.0,1.0,Shatter|Melee Might|Skirmishers' Might|Balance Stone,Maiar|Men|Elves|Dwarves|Hobbits|Orcs|Uruk-Hai|Undead|Evil Men,0,0,0,0,0,0,0,0,0,0,0,0,0,0,0,0,0,0,0,0,0,0,0,0,0,0,0,0,0,0,1.0,1.0
2,Old Casque,12,0,0,0,0,0,0,0,0,0,0,0,0,0,0,0,0,0,Good|Evil,0,0,0,0,0,0,0,0,0,0,0,0,0,0,0,1.0,1.0,0.0,Helmet,1.0,0,0,0,0,0,0,0,0,0,0,0,0,0,0,0,1.0,1.0,1.0,1.0,Haste of Soldiers|Melee Vigour|Breakers' Vigour|Orc Archers' Vigour,Maiar|Men|Elves|Dwarves|Hobbits|Orcs|Uruk-Hai|Undead|Evil Men,0,0,0,0,0,0,0,0,0,0,0,0,0,0,0,0,0,0,0,0,0,0,0,0,0,0,0,0,0,0,1.0,1.0
2,Orc Crossbow,6,0,0,0,0,0,0,0,0,0,0,0,0,0,0,0,0,0,Good|Evil,0,0,0,0,0,0,0,0,0,0,0,0,0,0,0,1.0,0.0,0.0,Weapon,1.0,0,0,0,0,0,0,0,0,0,0,0,1,0,0,0,1.0,1.0,1.0,1.0,Venom|Orcs Strength|Orc Archers' Might|Balance Stone,Maiar|Men|Dwarves|Hobbits|Orcs|Uruk-Hai|Undead|Evil Men,0,0,0,0,0,0,0,0,0,0,0,0,0,0,0,0,0,0,0,0,0,0,0,0,0,0,0,0,0,0,1.0,1.0
2,Orc Scimitar,6,0,9,0,0,0,0,0,0,0,0,0,0,0,0,0,0,0,Good|Evil,0,0,0,0,0,0,0,0,0,0,0,0,0,0,0,1.0,0.0,0.0,Weapon,1.0,0,0,0,0,0,0,0,0,0,0,0,0,0,0,0,1.0,1.0,1.0,1.0,Flay|Orcs Strength|Grunts' Might|Breakers' Might,Maiar|Men|Dwarves|Hobbits|Orcs|Uruk-Hai|Undead|Evil Men,0,0,0,0,0,0,0,0,0,0,0,0,0,0,0,0,0,0,0,0,0,0,0,0,0,0,0,0,0,0,1.0,1.0
2,Ranger's Dagger,8,0,6,0,0,0,0,0,0,0,0,0,0,0,0,0,0,0,Good|Evil,0,0,0,0,0,0,0,0,0,0,0,0,0,0,0,1.0,1.0,0.0,Weapon,1.0,0,0,0,0,0,0,0,0,0,0,0,0,0,0,0,1.0,1.0,1.0,0.0,Melee Might|Men Strength|Horsemen's Might|Horseback Archers' Might,Maiar|Men|Elves|Dwarves|Hobbits|Evil Men,0,0,0,0,0,0,0,0,0,0,0,0,0,0,0,0,0,0,0,0,0,0,0,0,0,0,0,0,0,0,0.0,0.0
2,Rough Breastplate,6,0,0,0,0,0,0,0,0,0,0,0,0,0,0,0,0,0,Good|Evil,0,0,0,0,0,0,0,5,0,0,0,0,0,0,0,1.0,1.0,0.0,Armor,1.0,0,0,0,0,0,0,0,0,0,0,0,0,0,0,0,0.0,1.0,1.0,1.0,Haste of Soldiers|Melee Vigour|Horsemen's Vigour|Bruisers' Vigour,Maiar|Men|Elves|Dwarves|Orcs|Uruk-Hai|Undead|Evil Men,0,0,0,0,0,0,0,0,0,0,0,0,0,0,0,0,0,0,0,0,0,0,0,0,0,0,0,0,0,0,1.0,1.0
2,Skull Cap,10,0,0,0,0,0,0,0,0,0,0,0,0,0,0,0,0,0,0,0,0,0,0,0,0,0,0,0,0,0,0,0,0,0,1.0,0.0,0.0,Helmet,1.0,0,0,0,0,0,0,0,0,0,0,0,0,0,0,0,1.0,1.0,1.0,1.0,Valour|Melee Vigour|Bowmen's Vigour|Axe Throwers' Vigour,Maiar|Men|Dwarves|Hobbits|Orcs|Uruk-Hai|Undead|Evil Men,0,0,0,0,0,0,0,0,0,0,0,0,0,0,0,0,0,0,0,0,0,0,0,0,0,0,0,0,0,0,1.0,1.0
2,Spear of the Rangers,6,4,4,0,0,0,0,0,0,0,0,0,0,0,0,0,0,0,Good|Evil,0,0,0,0,0,0,0,0,0,0,0,0,0,0,0,1.0,1.0,0.0,Weapon,1.0,0,0,0,0,0,0,0,0,0,0,0,0,0,0,0,1.0,1.0,1.0,0.0,Mounted Might|Elves Strength|Light Cavalry's Might|Scouts' Might,Maiar|Men|Elves|Dwarves|Hobbits|Evil Men,0,0,0,0,0,0,0,0,0,0,0,0,0,0,0,0,0,0,0,0,0,0,0,0,0,0,0,0,0,0,0.0,0.0
2,Uruk-Hai Pike,12,0,0,0,0,0,0,0,0,0,0,0,0,0,0,0,0,0,Good|Evil,0,0,0,0,0,0,0,0,0,0,0,0,0,0,0,0.0,0.0,0.0,Weapon,1.0,0,0,0,0,0,0,0,0,0,0,0,0,0,0,0,0.0,1.0,1.0,1.0,Pierce|Uruk-Hai Strength|Brusiers' Might|Balance Stone,Maiar|Men|Orcs|Uruk-Hai|Undead|Evil Men,0,0,0,0,0,0,0,0,0,0,0,0,0,0,0,0,0,0,0,0,0,0,0,0,0,0,0,0,0,0,1.0,1.0
3,Arnor Casque,6,10,0,0,0,0,0,0,0,0,0,0,0,0,0,0,0,0,Good,0,0,0,0,0,0,0,0,0,0,0,0,0,0,0,1.0,1.0,0.0,Helmet,1.0,0,0,0,0,0,0,0,0,0,0,0,0,0,0,0,1.0,1.0,1.0,0.0,Warding|Tenacity|Men Vigour|Blinding Barrier,Maiar|Men|Elves|Dwarves|Hobbits|Undead|Evil Men,0,0,0,0,0,0,0,0,0,0,0,0,0,0,0,0,0,0,0,0,0,0,0,0,0,0,0,0,0,0,1.0,0.0
3,Battle Axe,16,0,0,0,0,0,0,0,0,0,0,0,0,0,0,0,0,0,Good|Evil,0,0,0,0,0,0,0,0,0,0,0,0,0,0,0,1.0,1.0,0.0,Weapon,1.0,0,0,0,0,0,0,0,0,0,0,0,0,0,0,0,0.0,1.0,1.0,1.0,Flay|Concussion|Melee Might|Double Throw,Maiar|Men|Elves|Dwarves|Orcs|Uruk-Hai|Undead|Evil Men,0,0,0,0,0,0,0,0,0,0,0,0,0,0,0,0,0,0,0,0,0,0,0,0,0,0,0,0,0,0,1.0,1.0
3,Bone Mask,6,6,0,0,0,0,0,0,0,0,0,0,0,0,0,0,0,0,Good|Evil,0,0,0,0,0,0,0,0,0,0,0,0,0,0,0,1.0,0.0,0.0,Helmet,1.0,1,0,0,0,0,0,0,0,0,0,0,0,0,0,0,1.0,1.0,1.0,1.0,Manipulate|Hysteria|Relief|Scorch,Maiar|Men|Dwarves|Hobbits|Orcs|Uruk-Hai|Undead|Evil Men,0,0,0,0,0,0,0,0,0,0,0,0,0,0,0,0,0,0,0,0,0,0,0,0,0,0,0,0,0,0,1.0,1.0
3,Bone Talisman,4,10,6,0,0,0,0,0,0,0,0,0,0,0,0,0,0,0,Evil,0,0,0,0,0,0,0,0,0,0,0,0,0,0,0,0.0,0.0,0.0,Accessory,1.0,0,0,0,0,0,0,0,0,0,0,0,0,0,0,0,0.0,1.0,0.0,1.0,Husbandry|Evil Men Strength|Siege of Evil Men|Spiked Armor,Maiar|Orcs|Uruk-Hai|Undead|Evil Men,0,0,0,0,0,0,0,0,0,0,0,0,0,0,0,0,0,0,0,0,0,0,0,0,0,0,0,0,0,0,1.0,1.0
3,Brutal Helmet,8,0,6,0,0,0,0,0,0,0,0,0,0,0,0,0,0,0,Evil,0,0,0,0,0,0,0,0,0,0,0,0,0,0,0,1.0,0.0,0.0,Helmet,1.0,0,0,0,0,0,0,0,1,0,0,0,0,0,0,0,1.0,1.0,1.0,1.0,Dread|Melee Vigour|Uruk-Hai Vigour|Devastate,Maiar|Men|Dwarves|Hobbits|Orcs|Uruk-Hai|Undead|Evil Men,0,0,0,0,0,0,0,0,0,0,0,0,0,0,0,0,0,0,0,0,0,0,0,0,0,0,0,0,0,0,1.0,1.0
3,Carver,8,8,0,0,0,0,0,1,0,0,0,1,0,0,0,0,0,0,Good|Evil,0,0,0,0,0,0,0,0,0,0,0,0,0,0,0,1.0,1.0,0.0,Weapon,1.0,0,0,0,0,0,0,0,0,0,0,0,0,0,0,0,1.0,1.0,1.0,1.0,Smite|Flay|Men Strength|Last Will,Maiar|Men|Elves|Dwarves|Hobbits|Orcs|Uruk-Hai|Undead|Evil Men,0,0,0,0,0,0,0,0,0,0,0,0,0,0,0,0,0,0,0,0,0,0,0,0,0,0,0,0,0,0,1.0,1.0
3,Cutlass,8,6,0,0,0,0,0,0,0,0,1,0,0,0,0,0,0,0,Good|Evil,0,0,0,0,0,0,0,0,0,0,0,0,0,0,0,1.0,1.0,0.0,Weapon,1.0,0,0,0,0,0,0,0,0,0,0,0,0,0,0,0,1.0,1.0,1.0,1.0,Smite|Flay|Melee Might|Overconfidence,Maiar|Men|Elves|Dwarves|Hobbits|Orcs|Uruk-Hai|Undead|Evil Men,0,0,0,0,0,0,0,0,0,0,0,0,0,0,0,0,0,0,0,0,0,0,0,0,0,0,0,0,0,0,1.0,1.0
3,Drums of Moria,4,4,6,0,0,0,0,0,0,0,1,0,0,0,0,0,0,0,Evil,0,0,0,0,0,0,0,0,0,0,0,0,0,0,0,1.0,0.0,0.0,Accessory,1.0,0,0,0,0,0,0,0,0,0,0,0,0,0,0,0,1.0,1.0,0.0,1.0,Haste of Soldiers|Bane of Dwarves|Siege of Dwarves|Shadow Minion,Maiar|Dwarves|Hobbits|Orcs|Uruk-Hai|Undead|Evil Men,0,0,0,0,0,0,0,0,0,0,0,0,0,0,0,0,0,0,0,0,0,0,0,0,0,0,0,0,0,0,1.0,1.0
3,Easterling Spear,6,2,6,0,0,0,0,1,0,0,0,0,0,0,0,0,0,0,Evil,0,0,0,0,0,0,0,0,0,0,0,0,0,0,0,0.0,1.0,1.0,Weapon,1.0,0,0,0,0,0,0,0,0,0,0,0,0,0,0,0,0.0,1.0,1.0,1.0,piece|Bane of Mounted Units|Mounted Might|Eastern Spear,Maiar|Men|Elves|Orcs|Uruk-Hai|Undead|Evil Men|Ents,0,0,0,0,0,0,0,0,0,0,0,0,0,0,0,0,0,0,0,0,0,0,0,0,0,0,0,0,0,0,1.0,1.0
3,Elven Dirk,6,6,4,0,0,0,0,0,0,0,0,0,0,0,0,0,0,0,Good,0,0,0,0,0,0,0,0,0,0,0,0,0,0,0,1.0,1.0,0.0,Weapon,1.0,0,0,0,0,0,0,0,0,0,0,0,0,0,0,0,1.0,1.0,1.0,0.0,Pierce|Bane of Archers|Ranged Might|Elven Craftsmanship,Maiar|Men|Elves|Dwarves|Hobbits|Evil Men,0,0,0,0,0,0,0,0,0,0,0,0,0,0,0,0,0,0,5,0,0,0,0,0,0,0,0,0,0,0,0.0,0.0
3,Full Helm,15,0,0,0,0,0,0,0,0,0,0,0,0,0,0,0,0,0,Good|Evil,0,0,0,0,0,0,0,0,0,0,0,0,0,0,0,1.0,1.0,0.0,Helmet,1.0,0,0,0,0,0,0,0,0,0,0,0,0,0,0,0,0.0,1.0,1.0,1.0,Inspire|Men Vigour|Melee Vigour|Blinding Barrier,Maiar|Men|Elves|Dwarves|Orcs|Uruk-Hai|Undead|Evil Men,0,0,0,0,0,0,0,0,0,0,0,0,0,0,0,0,0,0,0,0,0,0,0,0,0,0,0,0,0,0,1.0,1.0
3,Goblin Armor,12,4,0,0,0,0,0,0,0,0,0,0,0,0,0,0,0,0,Evil,0,0,0,0,0,0,0,0,0,0,3,0,0,0,3,0.0,0.0,0.0,Armor,1.0,0,0,0,0,0,0,0,0,0,0,0,0,0,0,0,0.0,1.0,0.0,1.0,Gallant|Poison Protection|Orcs Vigour|Disgust,Maiar|Orcs|Uruk-Hai|Undead|Evil Men,0,0,0,0,0,0,0,0,0,0,0,0,0,0,0,0,0,0,0,0,0,0,0,0,0,0,0,0,0,0,1.0,1.0
3,Harp of Lothlorien,0,12,0,0,0,0,0,0,0,0,0,0,0,0,0,0,0,0,Good,0,0,0,0,0,0,0,0,0,0,0,0,0,0,0,1.0,1.0,1.0,Accessory,0.0,0,0,0,0,0,0,0,0,0,0,0,0,0,0,0,1.0,1.0,1.0,0.0,Hunter's Mark|Sustain|Elves Strength|Melee Might,Maiar|Men|Elves|Dwarves|Hobbits|Ents,0,0,0,0,0,0,0,0,0,0,0,0,0,0,0,0,0,0,5,0,0,0,0,0,0,0,0,0,0,0,0.0,0.0
3,Hithlain,4,6,0,0,0,0,0,0,0,0,0,0,0,0,0,0,0,0,Good,0,0,0,0,0,0,0,0,0,0,0,0,0,0,0,1.0,1.0,1.0,Accessory,0.0,1,0,0,0,0,0,0,0,0,0,0,0,0,0,0,1.0,1.0,1.0,0.0,Mend|Bane of Orcs|Siege of Elves|Manoeuver,Maiar|Men|Elves|Dwarves|Hobbits|Ents,0,0,0,0,0,0,0,0,0,0,0,0,0,0,0,0,0,0,0,0,0,0,0,0,0,0,0,0,0,0,0.0,0.0
3,Hobbit Fiddle,0,10,0,0,0,0,0,0,0,0,0,0,0,0,0,0,0,0,Good,0,0,0,0,0,0,0,0,0,0,0,0,0,0,0,1.0,1.0,1.0,Accessory,1.0,0,0,0,0,0,0,0,0,0,0,0,0,0,0,0,1.0,1.0,1.0,0.0,Husbandry|Sustatin|Haste of Dwarves|Dragon Slaying,Maiar|Men|Elves|Dwarves|Hobbits|Evil Men|Ents,0,0,0,0,0,0,0,0,0,0,0,0,0,0,0,5,0,0,0,0,0,0,0,0,0,0,0,0,0,0,0.0,0.0
3,Horseman's Helm,8,0,8,0,0,0,0,0,0,0,0,0,0,0,0,0,0,0,Good|Evil,0,0,0,0,0,0,0,0,0,5,0,0,0,0,0,1.0,1.0,0.0,Helmet,1.0,0,0,0,0,0,0,0,0,0,0,0,0,0,0,0,1.0,1.0,1.0,1.0,Resolve|Warding|Mounted Vigour|Grinding Assault,Maiar|Men|Elves|Dwarves|Hobbits|Orcs|Uruk-Hai|Undead|Evil Men,0,0,0,0,0,0,0,0,0,0,0,0,0,0,0,0,0,0,0,0,0,0,0,0,0,0,0,0,0,0,1.0,1.0
3,Hunter's Skin,0,8,6,0,0,0,0,0,0,0,0,0,0,0,0,0,0,0,Good|Evil,0,0,0,0,0,0,0,0,0,0,0,5,0,0,0,1.0,1.0,0.0,Armor,1.0,0,0,0,0,0,0,0,0,0,0,0,0,0,0,0,1.0,1.0,1.0,1.0,Guard|Poison Protection|Ranged Vigour|Thrill of the Hunt,Maiar|Men|Elves|Dwarves|Hobbits|Orcs|Uruk-Hai|Evil Men,0,0,0,0,0,0,0,0,0,0,0,0,0,0,0,0,0,0,0,0,0,0,0,0,0,0,0,0,0,0,0.0,1.0
3,Mirkwood Bow,8,0,6,0,0,0,0,0,0,0,0,0,0,0,1,0,0,0,Good|Evil,0,0,0,0,0,0,0,0,0,0,0,0,0,0,0,0.0,1.0,0.0,Weapon,1.0,0,0,0,0,0,0,0,0,0,0,0,0,0,0,0,0.0,1.0,1.0,0.0,Pierce|Ranged Might|Elves Strength|Sharpshooter,Maiar|Men|Elves|Evil Men,0,0,0,0,0,0,0,0,0,0,0,0,0,0,0,0,0,0,0,0,0,0,0,0,0,0,0,0,0,0,0.0,0.0
3,Quilted Armor,10,4,6,0,0,0,0,0,0,0,0,0,0,0,0,0,0,0,Good|Evil,0,0,0,0,0,0,0,0,0,0,0,0,0,0,0,1.0,1.0,0.0,Armor,1.0,0,0,0,0,0,0,0,0,0,0,0,0,0,0,0,1.0,1.0,1.0,1.0,Attunement|Focus Protection|Melee Vigour|Mounted  Superiority,Maiar|Men|Elves|Dwarves|Hobbits|Orcs|Uruk-Hai|Undead|Evil Men,0,0,0,0,0,0,0,0,0,0,0,0,0,0,0,0,0,0,0,0,0,0,0,0,0,0,0,0,0,0,1.0,1.0
3,Scale Mail,6,6,0,0,0,0,0,0,0,0,0,0,0,0,0,0,0,0,Good|Evil,0,0,0,0,0,0,0,5,0,0,0,0,0,0,0,1.0,1.0,0.0,Armor,1.0,0,0,0,0,0,0,0,0,0,0,0,0,0,0,0,0.0,1.0,1.0,1.0,Gallant|Guard|Melee Vigour|Upright,Maiar|Men|Elves|Dwarves|Orcs|Uruk-Hai|Undead|Evil Men,0,0,0,0,0,0,0,0,0,0,0,0,0,0,0,0,0,0,0,0,0,0,0,0,0,0,0,0,0,0,1.0,1.0
3,Scout's Mail,10,0,12,0,0,0,0,0,0,0,0,0,0,0,0,0,0,0,Good|Evil,0,0,0,0,0,0,0,0,0,0,0,0,0,0,0,1.0,1.0,0.0,Armor,1.0,0,0,0,0,0,0,0,0,0,0,0,0,0,0,0,1.0,1.0,1.0,1.0,Deftness|Shroud|Ranged Vigour|Tame,Maiar|Men|Elves|Dwarves|Hobbits|Orcs|Uruk-Hai|Undead|Evil Men,0,0,0,0,0,0,0,0,0,0,0,0,0,0,0,0,0,0,0,0,0,0,0,0,0,0,0,0,0,0,1.0,1.0
3,Shield of the White Hand,4,10,0,0,0,0,0,0,0,0,0,0,0,0,0,0,0,0,Evil,0,0,0,0,0,0,0,0,0,0,4,0,0,0,4,0.0,0.0,0.0,Accessory,1.0,0,0,0,0,0,0,0,0,0,0,0,0,0,0,0,0.0,1.0,0.0,1.0,Haste of Uruk-Hai|Siege of Uruk-Hai|Manoeuver|Blood Rush,Maiar|Orcs|Uruk-Hai|Undead|Evil Men,0,0,0,0,0,0,0,0,0,0,0,0,0,0,0,0,0,0,0,0,0,0,0,0,0,0,0,0,0,0,1.0,1.0
3,Superior Hauberk,10,0,0,0,0,0,0,0,0,0,0,0,0,0,0,0,0,0,Evil,5,0,0,0,0,0,0,0,0,0,0,0,0,0,0,1.0,0.0,0.0,Armor,1.0,0,0,0,0,0,0,0,0,0,0,0,0,0,0,0,1.0,1.0,1.0,1.0,Shroud|Fire Protection|Melee Vigour|Digust,Maiar|Men|Dwarves|Hobbits|Orcs|Uruk-Hai|Undead|Evil Men,0,0,0,0,0,0,0,0,0,0,0,0,0,0,0,0,0,0,0,0,0,0,0,0,0,0,0,0,0,0,1.0,1.0
3,Trapper's Hood,0,6,9,0,0,0,0,0,0,0,0,0,0,0,1,0,0,0,Good|Evil,0,0,0,0,0,0,0,0,0,0,0,0,0,0,0,0.0,1.0,1.0,Helmet,1.0,0,0,0,0,0,0,0,0,0,0,0,0,0,0,0,1.0,1.0,1.0,0.0,Hysteria|Poison|Ranged Vigour|Dragon Slaying,Maiar|Men|Elves|Hobbits|Uruk-Hai|Undead|Evil Men|Ents,0,0,0,0,0,0,0,0,0,0,0,0,0,0,0,0,0,0,0,0,0,0,0,0,0,0,0,0,0,0,1.0,1.0
3,Uruk Crossbow,12,0,0,0,0,0,0,0,0,0,0,0,0,0,1,0,0,0,Evil,0,0,0,0,0,0,0,0,0,0,0,0,0,0,0,1.0,0.0,0.0,Weapon,1.0,0,0,0,0,0,0,0,0,0,0,0,0,0,0,0,1.0,1.0,1.0,1.0,Venom|Shatter|Uruk-Hai Strength|Uruk Pride,Maiar|Men|Dwarves|Hobbits|Orcs|Uruk-Hai|Undead|Evil Men,0,0,0,0,0,0,0,0,0,0,0,0,0,0,0,0,0,0,0,0,0,0,0,0,0,0,0,0,0,0,1.0,1.0
3,Uruk-Hai Broadsword,12,0,0,0,0,0,0,0,0,0,0,0,0,0,0,0,0,0,Evil,0,0,0,0,0,0,0,0,0,0,0,0,0,0,0,1.0,0.0,0.0,Weapon,1.0,0,0,0,0,0,0,0,0,0,0,1,0,0,0,1,1.0,1.0,1.0,1.0,Blaze|Pierce|Orc Strength|Blood Rush,Maiar|Men|Dwarves|Hobbits|Orcs|Uruk-Hai|Undead|Evil Men,0,0,0,0,0,0,0,0,0,0,0,0,0,0,0,0,0,0,0,0,0,0,0,0,0,0,0,0,0,0,1.0,1.0
3,War Hammer,12,0,0,0,0,0,0,0,0,0,0,0,0,0,0,0,0,0,Good,0,0,7,0,0,0,0,0,0,0,0,0,0,0,0,1.0,1.0,1.0,Weapon,0.0,0,0,0,0,0,0,0,0,0,0,0,0,0,0,0,0.0,1.0,0.0,1.0,Concussion|Shatter|Dwarves Strength|Dwarven Training,Maiar|Elves|Dwarves|Orcs|Uruk-Hai|Undead|Ents,0,0,0,0,0,0,0,0,0,0,0,0,0,0,0,0,0,0,0,0,0,0,0,0,0,0,0,0,0,0,1.0,1.0
3,Wizard's Fireworks,0,12,0,0,0,0,0,0,0,0,0,0,0,0,1,0,0,0,Good|Evil,0,0,0,0,0,0,0,0,0,0,0,0,0,0,0,1.0,0.0,0.0,Accessory,1.0,0,0,0,0,0,0,0,0,0,0,0,0,0,0,0,1.0,1.0,1.0,0.0,Hunter's Mark|Bane of Mounted Units|Ranged Might|Mend,Maiar|Men|Dwarves|Hobbits|Evil Men,0,0,0,0,0,0,0,0,0,0,0,0,0,0,0,0,0,0,0,0,0,0,0,0,0,0,0,0,0,0,0.0,0.0
3,Worn-out Smoking Pipe,0,15,0,0,0,0,0,0,0,0,0,0,0,0,0,0,0,0,Good|Evil,0,0,0,0,0,0,0,0,0,0,0,0,0,0,0,1.0,1.0,1.0,Accessory,1.0,0,0,0,0,0,0,0,0,0,0,0,0,0,0,0,1.0,1.0,1.0,1.0,Husbandry|Sustain|Haste of Dwarves|Dragon Slaying,Maiar|Men|Elves|Dwarves|Hobbits|Orcs|Uruk-Hai|Evil Men|Ents,0,0,0,0,0,0,0,0,0,0,0,0,0,0,0,0,0,0,0,0,0,0,0,0,0,0,0,0,0,0,0.0,1.0
4,Ancient Numenorean Helm?,12,6,0,0,0,0,0,0,0,0,0,0,0,0,0,0,0,0,0,0,0,0,0,0,0,0,0,0,0,0,0,0,0,0,0.0,0.0,0.0,Helmet,0.0,0,0,0,0,0,0,0,0,0,0,0,0,0,0,0,0.0,0.0,0.0,0.0,Fortitude of Elves|Dominion|Shock|Tranquility|Formation Break,0,0,0,0,0,0,0,0,0,0,0,0,0,0,0,0,0,0,0,0,0,0,0,0,0,0,0,0,0,0,0,0.0,0.0
4,Axe of Khazad-dum,21,0,0,0,0,0,0,0,0,0,0,0,0,0,0,0,0,0,Good|Evil,0,0,0,0,0,0,0,0,0,0,0,0,0,0,0,1.0,1.0,1.0,Weapon,1.0,0,0,0,0,0,0,0,0,0,0,0,0,0,0,0,0.0,1.0,1.0,1.0,Cleave|Motivate|Might of Dwarves|Panic|Strip Armour,Maiar|Men|Elves|Dwarves|Orcs|Uruk-Hai|Undead|Evil Men|Ents,0,0,0,0,0,0,0,0,0,0,0,0,0,0,0,0,0,0,0,0,0,0,0,0,0,0,0,0,0,0,1.0,1.0
4,Belt of the Citadel?,12,8,0,0,0,0,0,0,0,0,0,0,0,0,0,0,0,0,0,0,0,0,0,0,0,0,0,0,0,0,0,0,0,0,0.0,0.0,0.0,Accessory,0.0,0,0,0,0,0,0,0,0,0,0,0,0,0,0,0,0.0,0.0,0.0,0.0,Arnor Defense|Improved Manoeuver,0,0,0,0,0,0,0,0,0,0,0,0,0,0,0,0,0,0,0,0,0,0,0,0,0,0,0,0,0,0,0,0.0,0.0
4,Berserker's Gaze,18,0,0,0,0,0,0,0,0,0,0,0,0,0,0,0,0,1,Evil,0,0,0,0,0,0,0,0,0,0,0,0,0,0,0,1.0,0.0,0.0,Helmet,1.0,0,0,0,0,0,0,0,0,0,0,0,0,0,0,0,0.0,1.0,0.0,1.0,Curse|Determination|Fortitude of Uruk-Hai|Shock|Resolve of Uruk-Hai,Maiar|Dwarves|Orcs|Uruk-Hai|Undead|Evil Men,0,0,0,0,0,0,0,0,0,0,0,0,0,0,0,0,0,0,0,0,0,0,0,0,0,0,0,0,0,0,1.0,1.0
4,Berserker's Raiment,18,0,0,0,0,0,0,0,0,0,0,0,0,0,0,0,0,0,Evil,0,0,0,0,0,0,0,0,0,0,0,0,0,0,0,1.0,0.0,0.0,Armor,1.0,0,0,0,0,0,0,0,0,0,0,0,0,0,0,1,0.0,1.0,0.0,1.0,Forestall|Vulnerability|Resilience of Uruk-Hai|Fortitude of Uruk-Hai|Concentration,Maiar|Dwarves|Orcs|Uruk-Hai|Undead|Evil Men,0,0,0,0,0,0,0,0,0,0,0,0,0,0,0,0,0,0,0,0,0,0,0,0,0,0,0,0,0,0,1.0,1.0
4,Black Bow,18,4,0,0,0,0,0,0,0,0,0,0,0,0,1,0,0,0,Evil,0,0,0,0,0,0,0,0,0,0,0,0,0,0,0,0.0,0.0,0.0,Weapon,1.0,0,0,0,0,0,0,0,0,0,0,0,0,0,0,0,0.0,1.0,1.0,1.0,Cleave|Motivate|Might of Archers|An Eye for an Eye|Might of Orcs,Maiar|Men|Orcs|Uruk-Hai|Undead|Evil Men,0,0,0,0,0,0,0,0,0,0,0,0,0,0,0,0,0,0,0,0,0,0,0,0,0,0,0,0,0,0,1.0,1.0
4,Blazing Tongue?,18,0,0,0,0,0,0,0,0,0,0,0,0,0,0,0,0,0,0,0,0,0,0,0,0,0,0,0,0,0,0,0,0,0,0.0,0.0,0.0,Weapon,0.0,0,0,0,0,0,0,0,0,0,0,0,0,0,0,0,0.0,0.0,0.0,0.0,Scorch|Mind Split|Might of Evil Men|Panic|Ignition,0,0,0,0,0,0,0,0,0,0,0,0,0,0,0,0,0,0,0,0,0,0,0,0,0,0,0,0,0,0,0,0.0,0.0
4,Bone Armour,12,5,0,0,0,0,0,0,0,0,0,0,0,0,0,0,0,0,Evil,0,0,0,0,0,0,0,0,0,0,8,0,0,0,0,0.0,0.0,0.0,Armor,1.0,0,0,0,0,0,0,0,0,0,0,0,0,0,0,0,0.0,1.0,0.0,1.0,Serenity|Mindfulness|Resilience of Trolls|Fortitude of Orcs|Tactical Retreat,Maiar|Orcs|Uruk-Hai|Undead|Evil Men,0,0,0,0,0,0,0,0,0,0,0,0,0,0,0,0,0,0,0,0,0,0,0,0,0,0,0,0,0,0,1.0,1.0
4,Bow of the High Elves,14,4,0,0,0,0,0,0,0,0,0,0,0,0,0,0,0,0,Good|Evil,0,0,0,0,0,0,0,0,0,0,0,0,0,0,0,0.0,1.0,0.0,Weapon,1.0,0,0,0,0,0,0,0,0,0,0,0,0,0,0,0,0.0,1.0,1.0,0.0,Rend|Mind Split|Might of Elves|Might of Cavalry|Reckoning,Maiar|Men|Elves|Evil Men,0,0,0,0,0,0,0,0,0,0,0,0,0,0,0,0,0,0,0,0,0,0,0,0,0,0,5,0,0,0,0.0,0.0
4,Box of Knowledge,8,8,0,0,0,0,0,0,0,0,0,0,0,0,0,0,0,0,Good|Evil,0,0,0,0,0,0,0,0,0,0,0,0,0,0,0,1.0,1.0,1.0,Accessory,1.0,1,0,0,0,0,0,0,0,0,0,0,0,0,0,0,1.0,1.0,1.0,1.0,Lore of the Arcane - Warrior|Lore of the Arcane - Strategist|Lore of the Arcane - Leader|Lore of the Arcane - Support|Lore of the Arcane - Balance,Maiar|Men|Elves|Dwarves|Hobbits|Orcs|Uruk-Hai|Undead|Evil Men|Ents,0,0,0,0,0,0,0,0,0,0,0,0,0,0,0,0,0,0,0,0,0,0,0,0,0,0,0,0,0,0,1.0,1.0
4,Casque of Pride,11,0,0,0,0,0,0,0,0,0,0,0,0,0,0,0,0,0,Good|Evil,0,0,0,0,0,0,0,10,0,0,0,0,0,0,0,1.0,1.0,0.0,Helmet,1.0,0,0,0,0,0,0,0,0,0,0,0,0,0,0,0,1.0,1.0,1.0,1.0,Unwavering|War Cry|Fortitude of Soldier|Terror|Melee Suppression,Maiar|Men|Elves|Dwarves|Hobbits|Orcs|Uruk-Hai|Undead|Evil Men,0,0,0,0,0,0,0,0,0,0,0,0,0,0,0,0,0,0,0,0,0,0,0,0,0,0,0,0,0,0,1.0,1.0
4,Casque of the Submerged Isle,10,10,4,0,0,0,0,0,0,0,0,0,0,0,0,0,0,0,Good|Evil,0,0,0,0,0,0,0,0,0,0,0,0,0,0,0,1.0,1.0,0.0,Helmet,1.0,0,0,0,0,0,0,0,0,0,0,0,0,0,0,0,1.0,1.0,1.0,1.0,Determination|Last Resort|Formation Break|Aegis|Intimidation,Maiar|Men|Elves|Dwarves|Hobbits|Orcs|Uruk-Hai|Undead|Evil Men,0,0,0,0,0,0,0,0,0,0,0,0,0,0,0,0,0,0,0,0,0,0,0,0,0,0,0,0,0,0,1.0,1.0
4,Caul of the Forest,0,8,0,0,0,0,0,0,0,0,0,0,0,0,0,0,0,0,Good,0,15,0,0,0,0,0,0,0,0,0,0,0,0,0,1.0,1.0,1.0,Helmet,1.0,0,0,0,0,0,0,0,0,0,0,0,0,0,0,0,1.0,1.0,1.0,0.0,War Cry|Beasts' Toughness|Woodland Protection|Defensive Stance|Curse,Maiar|Men|Elves|Dwarves|Hobbits|Undead|Evil Men|Ents,0,0,0,0,0,0,0,0,0,0,0,0,0,0,0,0,0,0,0,0,0,0,0,0,0,0,0,0,0,0,1.0,0.0
4,Chieftain's Gaze,12,8,0,0,0,0,0,0,0,0,0,0,0,0,0,0,0,1,Evil,0,0,0,0,0,0,0,0,0,0,0,0,0,0,0,0.0,0.0,0.0,Helmet,0.0,0,0,0,0,0,0,0,0,0,0,0,0,0,0,0,0.0,1.0,0.0,0.0,Melee Supression|Arrow Suppression|Cavalry Suppression|Uruk-Hai Armor|Uruk-Hai Command,Maiar|Uruk-Hai,0,0,0,0,0,0,0,0,0,0,0,0,0,0,0,0,0,0,0,0,0,0,0,0,0,0,0,0,0,0,0.0,1.0
4,Cruel Hooks?,10,0,0,0,0,0,0,0,0,0,0,0,0,0,0,0,0,0,0,0,0,0,0,0,0,0,0,0,0,0,0,0,0,0,0.0,0.0,0.0,Weapon,0.0,0,0,0,0,0,0,0,0,0,0,0,0,0,0,0,0.0,0.0,0.0,0.0,Might of Soldiers|Retaliate|Lethal Weapon|Accelerate|Melee Blitz,0,0,0,0,0,0,0,0,0,0,0,0,0,0,0,0,0,0,0,0,0,0,0,0,0,0,0,0,0,0,0,0.0,0.0
4,Dawn,15,0,0,0,0,0,0,0,0,0,0,0,0,0,0,0,0,0,Good,0,0,0,0,0,0,0,0,0,0,0,0,0,0,0,1.0,1.0,0.0,Weapon,0.0,0,0,0,0,0,0,0,0,0,0,0,0,0,0,0,1.0,1.0,1.0,0.0,Trauma|Bane of Soldiers|Might of Men|Lethal Weapon|Strip Armour,Maiar|Men|Elves|Dwarves|Hobbits,0,0,0,0,0,0,0,0,0,0,0,0,0,0,0,0,0,0,0,0,0,0,0,9,0,0,0,0,0,0,0.0,0.0
4,Defender of the Mountain,0,14,0,0,0,0,0,0,0,0,0,0,0,0,0,0,0,0,Good,0,0,10,0,0,0,0,0,0,0,0,0,0,0,0,1.0,0.0,0.0,Accessory,0.0,0,0,0,0,0,0,0,0,0,0,0,0,0,0,0,0.0,1.0,0.0,0.0,Might of Dwarves|Iron Guard|Wound Treatment|Alarm|Hold the Line,Maiar|Dwarves,0,0,0,0,0,0,0,0,0,0,0,0,0,0,0,0,0,0,0,0,0,0,0,0,0,0,0,0,0,0,0.0,0.0
4,Drums of Barad-dur,8,10,0,0,0,0,0,0,0,0,1,0,0,0,0,0,0,0,Evil,0,0,0,0,0,0,0,0,0,0,0,0,0,0,0,0.0,0.0,0.0,Accessory,1.0,0,0,0,0,0,0,0,0,0,0,0,0,0,0,0,0.0,1.0,0.0,1.0,Irreparable Injury|Iron Guard|Might of Soldiers|Improved Manoeuver,Maiar|Orcs|Uruk-Hai|Undead|Evil Men,0,0,0,0,0,0,0,0,0,0,0,0,0,0,0,0,0,0,0,0,0,0,0,0,0,0,0,0,0,0,1.0,1.0
4,Durin's Plate,14,0,0,0,0,1,0,0,0,0,0,0,0,0,0,0,0,0,Good,0,0,0,0,0,0,0,0,0,0,0,0,0,0,0,1.0,1.0,0.0,Armor,1.0,0,0,1,0,0,0,0,0,0,0,0,0,0,0,0,0.0,1.0,1.0,1.0,Dominance|Vulnerability|Resilience of Soldiers|Fortitude of Dwarves|Tactical Manoeuvers,Maiar|Men|Elves|Dwarves|Orcs|Uruk-Hai|Undead|Evil Men,0,0,0,0,0,0,0,0,0,0,0,0,0,0,0,0,0,0,0,0,0,0,0,0,0,0,0,0,0,0,1.0,1.0
4,Easterling Helm,10,6,0,0,0,0,0,0,0,0,0,0,0,0,0,0,0,0,Evil,0,0,0,0,8,0,0,0,0,0,0,0,0,0,0,1.0,1.0,0.0,Helmet,1.0,0,0,0,0,0,0,0,0,0,0,0,0,0,0,0,1.0,1.0,1.0,1.0,War Cry|Courage|Fortitude of Evil Men|Intimidation|Resolve of Evil Men,Maiar|Men|Elves|Dwarves|Hobbits|Orcs|Uruk-Hai|Undead|Evil Men,0,0,0,0,0,0,0,0,0,0,0,0,0,0,0,0,0,0,0,0,0,0,0,0,0,0,0,0,0,0,1.0,1.0
4,Elven Cloak,0,12,6,0,0,0,0,0,0,0,0,0,0,0,0,0,0,0,Good,0,0,0,0,0,0,0,0,0,0,0,0,0,0,0,1.0,1.0,1.0,Armor,0.0,1,0,0,0,0,0,0,0,0,0,0,0,0,0,0,1.0,1.0,1.0,0.0,Unity|Resistance|Resilience of Elves|Fortitude of Elves|Hazard Training,Maiar|Men|Elves|Dwarves|Hobbits|Ents,0,0,0,0,0,0,0,0,0,0,0,0,0,0,0,0,0,0,0,0,0,0,0,0,0,0,0,0,0,0,0.0,0.0
4,Elven White Knife,12,0,0,0,0,0,2,0,0,0,0,0,0,0,0,0,0,0,Good,0,0,0,0,0,0,0,0,0,0,0,0,0,0,0,1.0,1.0,0.0,Weapon,1.0,0,0,0,0,0,0,0,0,0,0,0,0,0,0,0,1.0,1.0,1.0,0.0,Frenzy|Bane of Giants|Might of Elves|An Eye for an Eye|Specialist,Maiar|Men|Elves|Dwarves|Hobbits|Evil Men,0,0,0,0,0,0,0,0,0,0,0,0,0,0,0,0,0,0,0,0,0,0,0,0,0,0,0,0,0,0,0.0,0.0
4,Ent'draught Calabash,10,0,0,0,0,0,0,0,0,0,0,0,0,0,0,0,0,0,Good,0,0,0,0,0,0,0,0,0,0,0,0,0,0,0,1.0,1.0,1.0,Accessory,1.0,2,0,0,0,0,0,0,0,0,0,0,0,0,0,0,1.0,1.0,1.0,1.0,Wound Treatment|Ents' Rage|Hobbits' Health|Gift of Nature|Bane of Giants,Maiar|Men|Elves|Dwarves|Hobbits|Orcs|Uruk-Hai|Undead|Evil Men|Ents,0,0,0,0,0,0,0,0,0,0,0,0,0,0,0,0,0,0,0,0,0,0,0,0,0,0,0,0,0,0,1.0,1.0
4,Erebor's Pride,10,0,0,0,0,0,0,0,0,0,0,0,0,0,0,0,0,0,Good,0,0,0,0,0,0,0,0,0,0,0,0,0,0,0,1.0,0.0,0.0,Accessory,1.0,0,0,2,0,0,0,0,0,0,0,0,0,0,0,0,1.0,1.0,1.0,0.0,Second Wind|Iron Guard|Might of Dwarves|Bane of Evil Men|Ered Luin Formation,Maiar|Men|Dwarves|Hobbits|Evil Men,0,0,0,0,0,0,0,0,0,0,0,0,0,0,0,0,0,0,0,0,0,0,0,0,0,0,0,0,0,0,0.0,0.0
4,Explorer's Outfit,10,10,0,0,0,0,0,0,0,0,0,0,0,0,0,0,0,0,Good,0,0,0,0,0,0,0,0,0,0,0,0,0,0,0,0.0,0.0,0.0,Armor,0.0,0,0,0,0,0,1,0,0,1,0,0,0,0,0,0,1.0,1.0,1.0,0.0,Resilience of Men|Hobbits' Tenacity|Mindfulness|The Pathbreaker|Spirit of Adventure,Maiar|Men|Hobbits,0,0,0,0,0,0,0,0,0,0,0,0,0,0,0,0,0,0,0,0,0,0,0,0,0,0,0,0,0,0,0.0,0.0
4,Fiddle of the Eldest,4,10,0,0,0,0,0,0,0,0,0,0,0,0,0,0,0,0,Good|Evil,5,0,0,0,0,0,0,0,0,0,0,0,0,0,0,1.0,1.0,1.0,Accessory,1.0,0,0,0,0,0,0,0,0,0,0,0,0,0,0,0,1.0,1.0,1.0,0.0,Improved Husbandry|Blitz|Might of Soldiers|Second Wind|Heroism,Maiar|Men|Elves|Dwarves|Hobbits|Evil Men|Ents,0,0,0,0,0,0,0,0,0,0,0,0,0,0,0,5,0,0,0,0,0,0,0,0,0,0,0,0,0,0,0.0,0.0
4,Fine Smoking Pipe,0,20,0,0,0,0,0,0,0,0,0,0,0,0,0,0,0,0,Good|Evil,0,0,0,0,0,0,0,0,0,0,0,0,0,0,0,1.0,1.0,1.0,Accessory,1.0,0,0,0,0,0,0,0,1,0,0,0,0,0,0,0,1.0,1.0,1.0,1.0,Heroism|Critical Care|Second Wind|Improved Husbandry|Defensive Tactics,Maiar|Men|Elves|Dwarves|Hobbits|Orcs|Uruk-Hai|Evil Men|Ents,0,0,0,0,0,0,0,0,0,0,0,0,0,0,0,0,0,0,0,0,0,0,0,0,0,0,0,0,0,0,0.0,1.0
4,Gigantic Hammer,14,0,0,2,0,0,0,0,0,30,0,0,0,0,0,0,0,0,0,0,0,0,0,0,0,0,0,0,0,0,0,0,0,0,1.0,0.0,1.0,Weapon,1.0,0,0,0,0,0,0,0,0,0,0,0,0,0,0,0,0.0,1.0,1.0,0.0,Giant's Power|Rend|Frenzy|Trolls' Command|Break Defenses,Maiar|Men|Dwarves|Uruk-Hai|Evil Men|Ents,0,0,0,0,0,0,0,0,0,0,0,0,0,0,0,0,0,0,0,0,0,0,0,0,0,0,0,0,0,0,0.0,1.0
4,Golden Skin,12,12,0,0,0,0,0,0,0,0,0,0,0,0,0,0,0,0,Good|Evil,0,0,0,0,0,0,0,0,0,0,0,0,0,0,0,1.0,1.0,0.0,Armor,1.0,0,0,0,0,0,0,0,0,0,0,0,0,0,0,0,1.0,1.0,1.0,1.0,Dominance|Improved Shroud|Fortitude of Cavalry|Concentration|Contemplate,Maiar|Men|Elves|Dwarves|Hobbits|Orcs|Uruk-Hai|Undead|Evil Men,0,0,0,0,0,0,0,0,0,0,0,0,0,0,0,0,0,0,0,0,0,0,0,0,0,0,0,0,0,0,1.0,1.0
4,Greatplate of the East,10,0,0,0,0,0,0,0,0,0,0,0,0,0,0,0,0,0,Evil,0,0,0,0,0,0,0,0,0,0,0,0,0,0,0,0.0,0.0,0.0,Armor,1.0,0,0,0,0,2,0,0,0,0,0,0,0,0,0,0,0.0,1.0,1.0,0.0,Forestall|Fortitude of Cavalry|Resilience of Evil Men|Fortitude of Evil Men|Hazard Training,Maiar|Men|Uruk-Hai|Evil Men,0,0,0,0,0,0,0,0,0,0,0,0,0,0,0,0,0,0,0,0,0,0,0,0,0,0,0,0,0,0,0.0,1.0
4,Grey Wizard hat,0,16,0,0,0,0,0,0,0,0,0,0,0,0,0,0,0,0,Good,0,0,0,0,0,0,0,0,0,0,0,0,0,0,0,1.0,1.0,1.0,Helmet,1.0,0,0,1,1,0,1,0,0,1,0,0,0,0,0,0,1.0,1.0,1.0,0.0,Fortitude of Cavalry|Arrow Suppression|Courage|Dominion|Tranquility,Maiar|Men|Elves|Dwarves|Hobbits|Undead|Evil Men|Ents,0,0,0,0,0,0,0,0,0,0,0,0,0,0,0,0,0,0,0,0,0,0,0,0,0,0,0,0,0,0,1.0,0.0
4,Hammer of Moria,17,0,0,0,0,0,0,0,0,0,0,0,0,0,0,0,0,0,Good,0,0,8,0,0,0,0,0,0,0,0,0,0,0,0,1.0,0.0,1.0,Weapon,1.0,0,0,0,0,0,0,0,0,0,0,0,0,0,0,0,0.0,1.0,0.0,1.0,Trauma|Panic|Might of Dwarves|Lethal Weapon|Dominate,Maiar|Dwarves|Orcs|Uruk-Hai|Undead|Evil Men|Ents,0,0,0,0,0,0,0,0,0,0,0,0,0,0,0,0,0,0,0,0,0,0,0,0,0,0,0,0,0,0,1.0,1.0
4,High Elf Hauberk,12,6,4,0,0,0,0,0,0,0,0,0,0,0,0,0,0,0,Good,0,0,0,5,0,0,0,0,0,0,0,0,0,0,0,1.0,1.0,0.0,Armor,0.0,0,0,0,0,0,0,0,0,0,0,0,0,0,0,0,1.0,1.0,1.0,0.0,Unity|Resistance|Resilience of Elves|Fortitude of Elves|Mindfulness,Maiar|Men|Elves|Dwarves|Hobbits,0,0,0,0,0,0,0,0,0,0,0,0,0,0,0,0,0,0,0,0,0,0,0,0,0,0,0,0,0,0,0.0,0.0
4,High Elf's Helmet,6,10,0,0,0,0,0,0,0,0,0,0,0,0,0,0,0,0,Good,0,0,0,5,0,0,0,0,0,0,0,0,0,0,0,1.0,1.0,0.0,Helmet,0.0,0,0,0,0,0,0,0,0,0,0,0,0,0,0,0,1.0,1.0,1.0,0.0,Unwavering|Fortitude of Archers|Fortitude of Elves|Resolve of Elves|Cavalry Suppression,Maiar|Men|Elves|Dwarves|Hobbits,0,0,0,0,0,0,0,0,0,0,0,0,0,0,0,0,0,0,0,0,0,0,0,0,0,0,0,0,0,0,0.0,0.0
4,hunter's Guide,9,9,0,0,0,0,0,0,0,0,0,0,0,0,1,0,0,0,Good|Evil,0,0,0,0,0,0,0,0,0,0,0,0,0,0,0,1.0,1.0,0.0,Helmet,1.0,0,0,0,0,0,0,0,0,0,0,0,0,0,0,0,0.0,1.0,1.0,0.0,Aegis|Last Resort|Fortitude of Archers|Discord|Melee Suppression,Maiar|Men|Elves|Dwarves|Uruk-Hai|Evil Men,0,0,0,0,0,0,0,0,0,0,0,0,0,0,0,0,0,0,0,0,0,0,0,0,0,0,0,0,0,0,0.0,1.0
4,Iron Basinet,14,0,0,0,0,0,0,0,0,0,0,0,0,0,0,0,0,0,Good,0,0,10,0,0,0,0,0,0,0,0,0,0,0,0,1.0,1.0,0.0,Helmet,1.0,0,0,0,0,0,0,0,0,0,0,0,0,0,0,0,1.0,1.0,1.0,1.0,Fortitude of Soldiers|Unwavering|Fortitude of Dwarves|Resolve of Dwarves|Arrow Suppression,Maiar|Men|Elves|Dwarves|Hobbits|Orcs|Uruk-Hai|Undead|Evil Men,0,0,0,0,0,0,0,0,0,0,0,0,0,0,0,0,0,0,0,0,0,0,0,0,0,0,0,0,0,0,1.0,1.0
4,Lhang,12,8,0,0,0,0,0,0,0,0,0,0,0,0,0,0,0,0,Good,0,0,0,0,0,0,0,0,0,0,0,0,0,0,0,1.0,1.0,0.0,Weapon,1.0,0,0,0,1,0,0,0,0,0,0,0,0,0,0,0,1.0,1.0,1.0,0.0,Cleave|Counterstrike|Might of Elves|Retaliate|Reckoning,Maiar|Men|Elves|Dwarves|Hobbits|Evil Men,0,0,0,0,0,0,0,0,0,0,0,0,0,0,0,0,0,0,0,0,0,0,0,0,0,0,0,0,0,0,0.0,0.0
4,Lothlorien Belt,0,12,10,0,0,0,0,0,0,0,0,0,0,0,0,0,0,0,Good,0,0,0,0,0,0,0,0,0,0,0,0,0,0,0,1.0,1.0,0.0,Accessory,1.0,0,0,0,0,0,0,0,0,0,0,0,0,0,0,0,1.0,1.0,1.0,0.0,Rear Reinforcement|Wound Treatment|Might of Elves|Iron Guard|Lindon's Inheritance,Maiar|Men|Elves|Dwarves|Hobbits|Evil Men,0,0,0,0,0,0,0,0,0,0,0,0,0,0,0,0,0,0,0,0,0,0,0,0,0,0,8,0,0,0,0.0,0.0
4,Massive Breastplate,8,0,0,0,0,0,0,0,0,0,0,0,0,0,0,0,0,0,Good|Evil,10,0,0,0,0,0,5,0,0,0,0,0,0,0,0,1.0,1.0,1.0,Armor,1.0,0,0,0,0,0,0,0,0,0,0,0,0,0,0,0,1.0,1.0,1.0,1.0,Resilience of Giants|Might Extraction|Concentration|Significant Protection|Plated Armor,Maiar|Men|Elves|Dwarves|Hobbits|Orcs|Uruk-Hai|Undead|Evil Men|Ents,0,0,0,0,0,0,0,0,0,0,0,0,0,0,0,0,0,0,0,0,0,0,0,0,0,0,0,0,0,0,1.0,1.0
4,Mattock of the Iron Hills,13,0,0,0,0,2,0,0,0,0,0,0,0,0,0,0,0,0,Good,0,0,0,0,0,0,0,0,0,0,0,0,0,0,0,1.0,1.0,1.0,Weapon,1.0,0,0,0,0,0,0,0,0,0,0,0,0,0,0,0,0.0,1.0,1.0,1.0,Retaliate|Motivate|Might of Dwarves|Fury|Dominate,Maiar|Men|Elves|Dwarves|Orcs|Uruk-Hai|Undead|Evil Men|Ents,0,0,0,0,0,0,0,0,0,0,0,0,0,0,0,0,0,0,0,0,0,0,0,0,0,0,0,0,0,0,1.0,1.0
4,Mirkwood's Thorns,4,10,0,0,2,0,0,0,0,0,0,0,0,0,0,0,0,0,Good|Evil,0,0,0,0,0,0,0,0,0,0,0,0,0,0,0,0.0,1.0,1.0,Weapon,0.0,0,0,0,0,0,0,0,0,0,0,0,0,0,0,0,0.0,1.0,0.0,0.0,Poison Coating|Blight|Beats' Power|Toxin|Animal Husbandry,Maiar|Elves|Ents,0,0,0,0,0,0,0,0,0,0,0,0,0,0,0,0,0,0,0,0,0,0,0,0,0,0,0,0,0,0,0.0,0.0
4,Mithril Coat,8,0,0,0,0,0,0,0,0,0,0,0,0,0,0,0,0,0,Good|Evil,12,0,0,0,0,0,0,0,0,0,0,0,0,0,0,1.0,1.0,0.0,Armor,1.0,0,0,0,0,0,0,0,0,0,0,0,0,0,0,0,1.0,1.0,1.0,1.0,Barrier|Improved Shroud|Resilience of Dwarves|Serentiy|Tactical Manoeuvers,Maiar|Men|Elves|Dwarves|Hobbits|Orcs|Uruk-Hai|Undead|Evil Men,0,0,0,0,0,0,0,0,0,0,0,0,0,0,0,0,0,0,0,0,0,0,0,0,0,0,0,0,0,0,1.0,1.0
4,Morgul Blade,8,8,4,0,0,0,0,0,0,0,0,0,0,1,0,1,0,1,Evil,0,0,0,0,0,0,0,0,0,0,0,0,0,0,0,0.0,0.0,0.0,Weapon,1.0,0,0,0,0,0,0,0,0,0,0,0,0,0,0,0,0.0,1.0,0.0,1.0,Blight|Frenzy|Might of Uruk-Hai|Poison Coating|Specialist,Maiar|Orcs|Uruk-Hai|Undead|Evil Men,0,0,0,0,0,0,0,0,0,0,0,0,0,0,0,0,0,0,0,0,0,0,0,0,0,0,0,0,0,0,1.0,1.0
4,Night Star,4,14,4,0,0,0,0,0,0,0,0,0,0,0,0,0,0,0,Good,0,0,0,0,0,0,0,0,0,0,0,0,0,0,0,1.0,1.0,1.0,Accessory,0.0,0,0,0,0,0,0,0,0,0,0,0,0,0,0,0,1.0,1.0,1.0,0.0,Rear Reinforcement|Tactical Mark|Might of Archers|Bane of Uruk-Hai|Opportune Strike,Maiar|Men|Elves|Dwarves|Hobbits|Ents,0,0,0,0,0,0,0,0,0,0,0,0,0,0,0,0,0,0,0,0,0,0,0,5,0,0,0,0,0,0,0.0,0.0
4,Nightfall,14,0,9,0,0,0,0,0,0,0,0,0,0,0,0,0,0,0,Good|Evil,0,0,0,0,0,0,0,0,0,0,0,0,0,0,0,0.0,0.0,0.0,Weapon,1.0,0,0,0,0,0,0,0,0,0,0,0,0,0,0,0,0.0,1.0,1.0,1.0,Retaliate|Venom|Might of Uruk-Hai|An Eye for an Eye|Battered,Maiar|Men|Orcs|Uruk-Hai|Undead|Evil Men,0,0,0,0,0,0,0,0,0,0,0,0,0,0,0,0,0,0,0,0,0,0,0,0,0,0,0,0,0,5,1.0,1.0
4,Noldor Sword,10,5,5,0,0,0,1,0,0,0,0,1,0,0,0,0,0,0,Good,0,0,0,0,0,0,0,0,0,0,0,0,0,0,0,1.0,1.0,0.0,Weapon,1.0,0,0,0,0,0,0,0,0,0,0,0,0,0,0,0,1.0,1.0,1.0,0.0,Mind Split|Might of Soldiers|Accelerate|Amplification|Battered,Maiar|Men|Elves|Dwarves|Hobbits|Evil Men,0,0,0,0,0,0,0,0,0,0,0,0,0,0,0,0,0,0,0,0,0,0,0,0,0,0,0,0,0,0,0.0,0.0
4,Obsidian Dagger,8,12,0,0,0,0,0,0,0,0,0,0,0,0,0,0,1,0,Good|Evil,0,0,0,0,0,0,0,0,0,0,0,0,0,0,0,0.0,0.0,0.0,Weapon,1.0,0,0,0,0,0,0,0,0,0,0,0,0,0,0,0,0.0,1.0,0.0,0.0,Amplification|Power of Immortality|Sharp Point|Evil's Threat|Resurrection,Maiar|Undead|Evil Men,0,0,0,0,0,0,0,0,0,0,0,0,0,0,0,0,0,0,0,0,0,0,0,0,0,0,0,0,0,0,1.0,0.0
4,Orcish Great Helm,14,0,0,0,0,0,0,0,0,0,0,0,0,0,0,0,0,0,Evil,0,0,0,0,0,0,0,0,0,0,10,0,10,0,0,0.0,0.0,0.0,Helmet,0.0,0,0,0,0,0,0,0,0,0,0,0,0,0,0,0,0.0,1.0,0.0,1.0,Fortitdue of Soldiers|Determination|Unwavering|Orcish Armor|Orcish Overlord,Maiar|Orcs,0,0,0,0,0,0,0,0,0,0,0,0,0,0,0,0,0,0,0,0,0,0,0,0,0,0,0,0,0,0,0.0,0.0
4,Orthanc's Devilrry,12,0,0,0,0,0,0,0,0,0,0,0,0,0,0,0,0,0,Evil,0,0,0,0,0,0,0,0,0,0,0,0,0,0,0,0.0,0.0,0.0,Accessory,0.0,0,0,0,0,0,0,0,0,0,0,0,0,0,0,0,0.0,1.0,0.0,1.0,Tactical Mark|Opportune Strike|Might of Uruk-Hai|Bane of Men|Isen Elixir,Maiar|Orcs|Uruk-Hai|Undead,0,0,0,0,0,0,0,0,0,0,0,0,0,0,4,0,0,0,0,0,0,0,0,0,0,0,0,0,0,0,1.0,1.0
4,Palantir of Orthanc,2,14,0,1,0,0,0,0,0,0,0,0,0,0,0,0,0,0,Evil,0,0,0,0,0,0,0,0,0,0,0,0,0,0,0,1.0,1.0,1.0,Accessory,1.0,0,0,0,0,0,0,0,0,0,0,0,0,0,0,0,0.0,1.0,1.0,1.0,Irreparable Injury|Tactical Mark|Might of Soldiers|Bane of Elves|Isen Elixir,Maiar|Men|Elves|Dwarves|Orcs|Uruk-Hai|Undead|Evil Men|Ents,0,0,0,0,0,0,0,0,0,0,0,0,0,0,0,0,0,0,0,0,0,0,0,0,0,0,0,0,0,0,1.0,1.0
4,Plate of the Citadel,4,12,0,0,0,0,0,0,0,0,0,0,0,0,0,0,0,0,Good,0,0,0,0,0,0,0,0,9,0,0,0,0,0,0,1.0,1.0,0.0,Armor,1.0,0,0,0,0,0,0,0,0,0,0,0,0,0,0,0,0.0,1.0,1.0,1.0,Barrier|Serentiy|Resilience of Men|Fortitude of Men|Tactical Retreat,Maiar|Men|Elves|Dwarves|Orcs|Uruk-Hai|Undead|Evil Men,0,0,0,0,0,0,0,0,0,0,0,0,0,0,0,0,0,0,0,0,0,0,0,0,0,0,0,0,0,0,1.0,1.0
4,Protection of Numenor,14,0,0,0,0,0,0,0,0,0,0,0,0,0,0,0,0,0,Evil,0,0,0,0,0,0,0,0,0,0,0,0,0,0,0,0.0,0.0,0.0,Armor,1.0,0,0,0,0,2,0,0,0,0,0,0,0,0,2,0,0.0,1.0,1.0,0.0,Resilience of Evil Men|Undying Toughness|Eastern Resolve|Spirit Awaken|Resilience of Giants,Maiar|Men|Uruk-Hai|Undead|Evil Men,0,0,0,0,0,0,0,0,0,0,0,0,0,0,0,0,0,0,0,0,0,0,0,0,0,0,0,0,0,0,1.0,1.0
4,Ranger's Shroud,9,0,14,0,0,0,0,0,0,0,0,0,0,0,1,0,0,0,Good|Evil,0,0,0,0,0,0,0,0,0,0,0,0,0,0,0,0.0,1.0,0.0,Armor,1.0,0,0,0,0,0,0,0,0,0,0,0,0,0,0,0,1.0,1.0,1.0,1.0,Improved Shroud|Resistance|Resilience of Archers|Contemplate|Strength from Dexterity,Maiar|Men|Elves|Hobbits|Orcs|Uruk-Hai|Undead|Evil Men,0,0,0,0,0,0,0,0,0,0,0,0,0,0,0,0,0,0,0,0,0,0,0,0,0,0,0,0,0,0,1.0,1.0
4,Reach of the Riddermark,10,0,10,0,0,0,0,0,0,0,0,0,0,0,0,0,0,0,Good|Evil,0,0,0,0,0,0,0,0,0,0,0,0,0,0,0,0.0,1.0,1.0,Weapon,1.0,0,0,0,0,0,0,0,0,0,0,0,0,0,0,0,0.0,1.0,1.0,1.0,Cleave|Accelerate|Might of Cavalry|Sharp Point|Battered,Maiar|Men|Elves|Orcs|Uruk-Hai|Undead|Evil Men|Ents,0,0,0,0,0,0,0,0,0,0,0,0,0,0,0,0,0,0,0,0,0,0,0,0,8,0,0,0,0,0,1.0,1.0
4,Reckoning,13,0,10,0,0,0,0,1,0,0,0,0,0,1,0,0,0,1,Evil,0,0,0,0,0,0,0,0,0,0,0,0,0,0,0,0.0,0.0,0.0,Weapon,1.0,0,0,0,0,0,0,0,0,0,0,0,0,0,0,0,0.0,1.0,0.0,1.0,Accelerate|Retaliate|Might of Soldiers|Fury|Reckoning,Maiar|Orcs|Uruk-Hai|Undead|Evil Men,0,0,0,0,0,0,0,0,0,0,0,0,0,0,0,0,0,0,0,0,0,0,0,0,0,0,0,0,0,0,1.0,1.0
4,Sand Claw,10,4,9,0,0,0,0,1,0,0,0,0,0,0,0,0,0,0,Good|Evil,0,0,0,0,0,0,0,0,0,0,0,0,0,0,0,1.0,1.0,0.0,Weapon,1.0,0,0,0,0,0,0,0,0,0,0,0,0,0,0,0,1.0,1.0,1.0,1.0,Blight|Poison Coating|Might of Evil Men|Rend|Specialist,Maiar|Men|Elves|Dwarves|Hobbits|Orcs|Uruk-Hai|Undead|Evil Men,0,0,0,0,0,0,0,0,0,0,0,0,0,0,0,0,0,0,0,0,0,0,0,0,0,0,0,0,0,0,1.0,1.0
4,Signet of the Barrows,10,0,0,0,0,0,0,0,0,0,0,0,0,0,0,0,0,0,Evil,0,0,0,0,0,0,0,0,0,0,0,0,0,0,0,0.0,0.0,0.0,Accessory,1.0,0,0,0,0,1,0,0,0,0,0,1,0,0,0,0,0.0,1.0,0.0,1.0,Critical Care|Blitz|Might of Evil Men|Bane of Dwarves|Wilderland Threats,Maiar|Orcs|Uruk-Hai|Undead|Evil Men,0,0,0,0,0,0,0,0,0,0,0,0,0,0,0,0,0,0,0,7,0,0,0,0,0,7,0,0,0,0,1.0,1.0
4,Silver Harp of Rivendell,4,16,0,0,0,0,0,0,0,0,0,0,0,0,0,0,0,0,Good,0,0,0,5,0,0,0,0,0,0,0,0,0,0,0,1.0,1.0,1.0,Accessory,0.0,0,0,0,0,0,0,0,0,0,0,0,0,0,0,0,1.0,1.0,1.0,0.0,Wound Treatment|Iron Guard|Might of Elves|Bane of Orcs|Lindon's Inheritance,Maiar|Men|Elves|Dwarves|Hobbits|Ents,0,0,0,0,0,0,0,0,0,0,0,0,0,0,0,0,0,0,0,0,0,0,0,0,0,0,0,0,0,0,0.0,0.0
4,Spear of Udun,10,4,6,0,0,0,0,0,0,0,0,0,0,0,0,0,0,0,Evil,0,0,0,0,0,0,0,0,0,0,0,0,0,0,0,0.0,0.0,0.0,Weapon,0.0,0,0,0,0,0,0,0,0,0,0,0,0,0,0,0,0.0,1.0,0.0,1.0,Blight|Trauma|Might of Cavalry|Sharp Point|Might of Orcs,Maiar|Orcs|Uruk-Hai|Undead,0,0,0,0,0,0,0,0,0,0,0,0,0,0,0,0,5,0,0,0,0,0,0,0,0,5,0,5,0,0,1.0,1.0
4,Swan Helm,4,16,0,0,0,0,0,0,0,0,0,0,0,0,0,0,0,0,Good,0,0,0,0,0,0,0,0,5,0,0,0,0,0,0,1.0,1.0,0.0,Helmet,1.0,0,0,0,0,0,0,0,0,0,0,0,0,0,0,0,1.0,1.0,1.0,1.0,Courage|Unwavering|Fortitude of Men|Resolve of Men|Arrow Suppression,Maiar|Men|Elves|Dwarves|Hobbits|Orcs|Uruk-Hai|Undead|Evil Men,0,0,0,0,0,0,0,0,0,0,0,0,0,0,0,0,0,0,0,0,0,0,0,0,0,0,0,0,0,0,1.0,1.0
4,The Black Mace,16,4,0,0,0,0,0,0,0,0,0,0,0,1,0,0,0,0,Evil,0,0,0,0,0,0,0,0,0,0,0,0,0,0,0,1.0,0.0,1.0,Weapon,0.0,0,0,0,0,0,0,0,0,0,0,0,0,0,0,0,0.0,1.0,0.0,1.0,An Eye for an Eye|Panic|Might of Orcs|Lethal Weapon|Dominate,Maiar|Dwarves|Orcs|Uruk-Hai|Undead|Ents,0,0,0,0,0,0,0,0,0,0,0,0,0,0,0,0,0,0,0,0,0,0,0,0,0,0,0,0,0,0,1.0,1.0
4,Tracker Plate,8,6,0,0,0,0,0,0,0,0,0,0,0,0,0,0,0,0,Evil,0,0,0,0,0,0,0,0,0,0,10,0,0,0,10,0.0,0.0,0.0,Armor,1.0,0,0,0,0,0,0,0,0,0,0,0,0,0,0,0,0.0,1.0,0.0,1.0,Riders' Rush|Manoeuver|Strength from Dexterity|Resilience of Orcs|,Maiar|Orcs|Uruk-Hai|Undead|Evil Men,0,0,0,0,0,0,0,0,0,0,0,0,0,0,0,0,0,0,0,0,0,0,0,0,0,0,0,0,0,0,1.0,1.0
4,War Helm,10,10,0,0,0,0,0,0,0,0,0,0,0,0,0,0,0,0,Evil,0,0,0,0,0,0,0,0,0,0,5,0,0,0,0,0.0,0.0,0.0,Helmet,1.0,0,0,0,0,0,0,0,0,0,0,0,0,0,0,0,0.0,1.0,0.0,1.0,Discord|Terror|Fortitude of Orcs|War Cry|Resolve of Orcs,Maiar|Orcs|Uruk-Hai|Undead|Evil Men,0,0,0,0,0,0,0,0,0,0,0,0,0,0,0,0,0,0,0,0,0,0,0,0,0,0,0,0,0,0,1.0,1.0
4,Warborn Battle Plate,11,0,0,0,0,0,0,0,0,0,0,0,0,0,0,0,0,0,Good|Evil,0,0,0,0,0,0,0,5,0,0,0,0,0,0,0,1.0,0.0,0.0,Armor,1.0,0,0,0,0,0,0,0,0,0,0,0,0,0,0,0,0.0,1.0,1.0,1.0,Forestall|Improved Shroud|Resilience of Soldiers|Fortitude of Soldiers|Strength from Dexterity,Maiar|Men|Dwarves|Orcs|Uruk-Hai|Undead|Evil Men,0,0,0,0,0,0,0,0,0,0,0,0,0,0,0,0,0,0,0,0,0,0,5,0,0,0,0,0,0,0,1.0,1.0
4,Estecara?,14,4,4,0,0,0,0,0,0,0,0,0,0,0,0,0,0,0,0,0,0,0,0,0,0,0,0,0,0,0,0,0,0,0,0.0,0.0,0.0,Weapon,0.0,0,0,0,0,0,0,0,0,0,0,0,0,0,0,0,0.0,0.0,0.0,0.0,Strip Armour|Might of Elves|Counterstrike|Frenzy|Rend,0,0,0,0,0,0,0,0,0,0,0,0,0,0,0,0,0,0,0,0,0,0,0,0,0,0,0,0,0,0,0,0.0,0.0
4,Harad Casque?,10,4,0,0,0,0,0,0,0,0,0,0,0,0,0,0,0,0,0,0,0,0,0,0,0,0,0,0,0,0,0,0,0,0,0.0,0.0,0.0,Helmet,0.0,0,0,0,0,0,0,0,0,0,0,0,0,0,0,0,0.0,0.0,0.0,0.0,Fortitude of Evil Men|Unwavering|Resolve of Evil Men|Evil Man Overlord|Southern Leader|Resistance,0,0,0,0,0,0,0,0,0,0,0,0,0,0,0,0,0,0,0,0,0,0,0,0,0,0,0,0,0,0,0,0.0,0.0
4,Mearas' Reins?,0,8,0,0,0,0,0,0,0,0,0,0,0,0,0,0,0,0,0,0,0,0,0,0,0,0,0,0,0,0,0,0,0,0,0.0,0.0,0.0,Accessory,0.0,0,0,0,0,0,0,0,0,0,0,0,0,0,0,0,0.0,0.0,0.0,0.0,Might of Cavalry|Riders' Rush|Mounted Unit Supply|Fine Horse|Fearless Cavalry,0,0,0,0,0,0,0,0,0,0,0,0,0,0,0,0,0,0,0,0,0,0,0,0,0,0,0,0,0,0,0,0.0,0.0
4,Star of Elendil?,0,13,0,0,0,0,0,0,0,0,0,0,0,0,0,0,0,0,0,0,0,0,0,0,0,0,0,0,0,0,0,0,0,0,0.0,0.0,0.0,Accessory,0.0,0,0,0,0,0,0,0,0,0,0,0,0,0,0,0,0.0,0.0,0.0,0.0,Bane of Evil Men|Might of Men|Defensive Tactics,0,0,0,0,0,0,0,0,0,0,0,0,0,0,0,0,0,0,0,0,0,0,0,0,0,0,0,0,0,0,0,0.0,0.0
